timestamp,alpha,beta,theta
2024-11-19 15:40:43.419826,,0.5988657474517822,
2024-11-19 15:40:43.419826,0.7312706112861633,,
2024-11-19 15:40:43.420365,,,0.7135774493217468
2024-11-19 15:40:43.485281,0.7312706112861633,,
2024-11-19 15:40:43.485281,,0.5988657474517822,
2024-11-19 15:40:43.485829,,,0.7135774493217468
2024-11-19 15:40:43.651066,0.7312706112861633,,
2024-11-19 15:40:43.651574,,0.5988657474517822,
2024-11-19 15:40:43.653159,,,0.7135774493217468
2024-11-19 15:40:43.716574,0.7312706112861633,,
2024-11-19 15:40:43.717090,,,0.7135774493217468
2024-11-19 15:40:43.717090,,0.5988657474517822,
2024-11-19 15:40:43.815095,,,0.7135774493217468
2024-11-19 15:40:43.826831,0.7312706112861633,,
2024-11-19 15:40:43.827361,,0.5988657474517822,
2024-11-19 15:40:43.926599,0.7312706112861633,,
2024-11-19 15:40:43.927142,,0.5988657474517822,
2024-11-19 15:40:43.927650,,,0.7135774493217468
2024-11-19 15:40:44.016541,0.7312706112861633,,
2024-11-19 15:40:44.016541,,,0.7135774493217468
2024-11-19 15:40:44.017051,,0.5988657474517822,
2024-11-19 15:40:44.085703,0.7312706112861633,,
2024-11-19 15:40:44.085703,,0.5988657474517822,
2024-11-19 15:40:44.086226,,,0.7135774493217468
2024-11-19 15:40:44.251520,0.7312706112861633,,
2024-11-19 15:40:44.252048,,0.5988657474517822,
2024-11-19 15:40:44.252048,,,0.7135774493217468
2024-11-19 15:40:44.348263,,0.5988657474517822,
2024-11-19 15:40:44.348790,,,0.7135774493217468
2024-11-19 15:40:44.348790,0.7312706112861633,,
2024-11-19 15:40:44.451316,0.7312706112861633,,
2024-11-19 15:40:44.451820,,0.5988657474517822,
2024-11-19 15:40:44.452330,,,0.7135774493217468
2024-11-19 15:40:44.522404,0.7312706112861633,,
2024-11-19 15:40:44.522911,,0.5988657474517822,
2024-11-19 15:40:44.524473,,,0.7135774493217468
2024-11-19 15:40:44.619100,0.7312706112861633,,
2024-11-19 15:40:44.619640,,,0.7135774493217468
2024-11-19 15:40:44.619640,,0.5988657474517822,
2024-11-19 15:40:44.715707,,0.5988657474517822,
2024-11-19 15:40:44.715707,0.7312706112861633,,
2024-11-19 15:40:44.716251,,,0.7135774493217468
2024-11-19 15:40:44.851588,,0.5988657474517822,
2024-11-19 15:40:44.851588,0.7312706112861633,,
2024-11-19 15:40:44.852134,,,0.7135774493217468
2024-11-19 15:40:44.955067,0.7312706112861633,,
2024-11-19 15:40:44.955067,,0.5988657474517822,
2024-11-19 15:40:44.955587,,,0.7135774493217468
2024-11-19 15:40:45.055629,0.7312706112861633,,
2024-11-19 15:40:45.055629,,0.5988657474517822,
2024-11-19 15:40:45.056152,,,0.7135774493217468
2024-11-19 15:40:45.148206,,0.5988657474517822,
2024-11-19 15:40:45.148206,0.7312706112861633,,
2024-11-19 15:40:45.148775,,,0.7135774493217468
2024-11-19 15:40:45.232597,,0.5988657474517822,
2024-11-19 15:40:45.232597,0.7312706112861633,,
2024-11-19 15:40:45.234141,,,0.7135774493217468
2024-11-19 15:40:45.314165,,,0.7135774493217468
2024-11-19 15:40:45.314689,0.7312706112861633,,
2024-11-19 15:40:45.315207,,0.5988657474517822,
2024-11-19 15:40:45.463663,,,0.7135774493217468
2024-11-19 15:40:45.464174,,0.5988657474517822,
2024-11-19 15:40:45.464174,0.7312706112861633,,
2024-11-19 15:40:45.565136,0.7312706112861633,,
2024-11-19 15:40:45.566199,,,0.7135774493217468
2024-11-19 15:40:45.566199,,0.5988657474517822,
2024-11-19 15:40:45.634604,0.7312706112861633,,
2024-11-19 15:40:45.635141,,0.5988657474517822,
2024-11-19 15:40:45.635141,,,0.7135774493217468
2024-11-19 15:40:45.739035,0.7312706112861633,,
2024-11-19 15:40:45.739578,,0.5988657474517822,
2024-11-19 15:40:45.741156,,,0.7135774493217468
2024-11-19 15:40:45.845702,,,0.7135774493217468
2024-11-19 15:40:45.845702,0.7312706112861633,,
2024-11-19 15:40:45.845702,,0.5988657474517822,
2024-11-19 15:40:45.942523,,0.5988657474517822,
2024-11-19 15:40:45.942523,0.7312706112861633,,
2024-11-19 15:40:45.943041,,,0.7135774493217468
2024-11-19 15:40:46.065458,,0.5988657474517822,
2024-11-19 15:40:46.065991,0.7312706112861633,,
2024-11-19 15:40:46.065991,,,0.7135774493217468
2024-11-19 15:40:46.184940,0.7312706112861633,,
2024-11-19 15:40:46.185951,,0.5988657474517822,
2024-11-19 15:40:46.187623,,,0.7135774493217468
2024-11-19 15:40:46.246457,,,0.7135774493217468
2024-11-19 15:40:46.249619,,0.5988657474517822,
2024-11-19 15:40:46.249619,0.7312706112861633,,
2024-11-19 15:40:46.347424,,0.5988657474517822,
2024-11-19 15:40:46.347424,0.7312706112861633,,
2024-11-19 15:40:46.347941,,,0.7135774493217468
2024-11-19 15:40:46.443339,,0.5988657474517822,
2024-11-19 15:40:46.443851,,,0.7135774493217468
2024-11-19 15:40:46.443851,0.7312706112861633,,
2024-11-19 15:40:46.521637,0.7312706112861633,,
2024-11-19 15:40:46.521637,,0.5988657474517822,
2024-11-19 15:40:46.522177,,,0.7135774493217468
2024-11-19 15:40:46.684620,0.7312706112861633,,
2024-11-19 15:40:46.685130,,0.5988657474517822,
2024-11-19 15:40:46.685130,,,0.7135774493217468
2024-11-19 15:40:46.778248,,,0.7135774493217468
2024-11-19 15:40:46.778248,,0.5988657474517822,
2024-11-19 15:40:46.779834,0.7312706112861633,,
2024-11-19 15:40:46.879811,0.7312706112861633,,
2024-11-19 15:40:46.879811,,,0.7135774493217468
2024-11-19 15:40:46.879811,,0.5988657474517822,
2024-11-19 15:40:46.949373,,0.5988657474517822,
2024-11-19 15:40:46.949373,0.7312706112861633,,
2024-11-19 15:40:46.950969,,,0.7135774493217468
2024-11-19 15:40:47.046987,,0.5988657474517822,
2024-11-19 15:40:47.048004,,,0.7135774493217468
2024-11-19 15:40:47.048004,0.7312706112861633,,
2024-11-19 15:40:47.144143,,,0.7135774493217468
2024-11-19 15:40:47.145189,,0.5988657474517822,
2024-11-19 15:40:47.145189,0.7312706112861633,,
2024-11-19 15:40:47.277774,,,0.7135774493217468
2024-11-19 15:40:47.277774,0.7312706112861633,,
2024-11-19 15:40:47.277774,,0.5988657474517822,
2024-11-19 15:40:47.378871,,0.5988657474517822,
2024-11-19 15:40:47.379397,,,0.7135774493217468
2024-11-19 15:40:47.379957,0.7312706112861633,,
2024-11-19 15:40:47.483473,,,0.7135774493217468
2024-11-19 15:40:47.483473,,0.5988657474517822,
2024-11-19 15:40:47.483473,0.7312706112861633,,
2024-11-19 15:40:47.577869,,0.5354921817779541,
2024-11-19 15:40:47.577869,0.7858297228813171,,
2024-11-19 15:40:47.577869,,,0.8723470568656921
2024-11-19 15:40:47.679066,,,1.0468469858169556
2024-11-19 15:40:47.679066,0.9090728759765625,,
2024-11-19 15:40:47.679066,,0.5998513102531433,
2024-11-19 15:40:47.743792,,0.6042465567588806,
2024-11-19 15:40:47.743792,0.9181368350982666,,
2024-11-19 15:40:47.744302,,,1.0363746881484985
2024-11-19 15:40:47.914408,,0.6160476803779602,
2024-11-19 15:40:47.914408,0.9184637665748596,,
2024-11-19 15:40:47.914947,,,1.0275012254714966
2024-11-19 15:40:47.982973,,0.6236395835876465,
2024-11-19 15:40:47.983522,0.9186401963233948,,
2024-11-19 15:40:47.984068,,,1.0259974002838135
2024-11-19 15:40:48.078648,0.9186401963233948,,
2024-11-19 15:40:48.079748,,0.6252509355545044,
2024-11-19 15:40:48.080293,,,1.0125991106033325
2024-11-19 15:40:48.182028,0.9186401963233948,,
2024-11-19 15:40:48.183051,,0.6252509355545044,
2024-11-19 15:40:48.184592,,,1.0125991106033325
2024-11-19 15:40:48.282313,,0.6252509355545044,
2024-11-19 15:40:48.282313,0.9186401963233948,,
2024-11-19 15:40:48.282816,,,1.0125991106033325
2024-11-19 15:40:48.379950,0.9189197421073914,,
2024-11-19 15:40:48.379950,,0.6217811107635498,
2024-11-19 15:40:48.380458,,,0.994232177734375
2024-11-19 15:40:48.507791,,0.6176958084106445,
2024-11-19 15:40:48.507791,0.9189197421073914,,
2024-11-19 15:40:48.508305,,,0.9764479994773865
2024-11-19 15:40:48.608368,,,0.9596269130706787
2024-11-19 15:40:48.608885,,0.6135715842247009,
2024-11-19 15:40:48.608885,0.9189197421073914,,
2024-11-19 15:40:48.707535,,,0.9446498155593872
2024-11-19 15:40:48.707535,,0.6097246408462524,
2024-11-19 15:40:48.708054,0.9189197421073914,,
2024-11-19 15:40:48.775885,0.9189197421073914,,
2024-11-19 15:40:48.776403,,,0.9319637417793274
2024-11-19 15:40:48.776403,,0.6055454015731812,
2024-11-19 15:40:48.875486,,,0.8995063304901123
2024-11-19 15:40:48.875486,,0.6004611253738403,
2024-11-19 15:40:48.876004,0.9180800914764404,,
2024-11-19 15:40:48.974479,0.911156952381134,,
2024-11-19 15:40:48.974479,,0.5951737761497498,
2024-11-19 15:40:48.975013,,,0.8638707995414734
2024-11-19 15:40:49.110101,0.8925482034683228,,
2024-11-19 15:40:49.110669,,,0.8210516571998596
2024-11-19 15:40:49.110669,,0.5898904800415039,
2024-11-19 15:40:49.215134,,0.5837708115577698,
2024-11-19 15:40:49.215134,0.846470832824707,,
2024-11-19 15:40:49.215652,,,0.7704035043716431
2024-11-19 15:40:49.309710,0.7864198088645935,,
2024-11-19 15:40:49.309710,,0.5753408074378967,
2024-11-19 15:40:49.310771,,,0.716255247592926
2024-11-19 15:40:49.409398,,0.5635996460914612,
2024-11-19 15:40:49.409940,0.7179832458496094,,
2024-11-19 15:40:49.410489,,,0.6688544154167175
2024-11-19 15:40:49.480245,0.676657497882843,,
2024-11-19 15:40:49.480772,,,0.6326689720153809
2024-11-19 15:40:49.480772,,0.5502079129219055,
2024-11-19 15:40:49.609655,0.6945282816886902,,
2024-11-19 15:40:49.609655,,0.5460800528526306,
2024-11-19 15:40:49.609655,,,0.636915385723114
2024-11-19 15:40:49.739587,,,0.639056384563446
2024-11-19 15:40:49.739587,,0.5523626208305359,
2024-11-19 15:40:49.740104,0.6974716186523438,,
2024-11-19 15:40:49.823733,,0.5570717453956604,
2024-11-19 15:40:49.824263,0.6979878544807434,,
2024-11-19 15:40:49.824263,,,0.6393628716468811
2024-11-19 15:40:49.913648,,0.5533706545829773,
2024-11-19 15:40:49.913648,0.6956800818443298,,
2024-11-19 15:40:49.914187,,,0.6362273097038269
2024-11-19 15:40:50.009913,0.6888243556022644,,
2024-11-19 15:40:50.010441,,,0.6370102167129517
2024-11-19 15:40:50.010441,,0.5516749620437622,
2024-11-19 15:40:50.109654,0.6858667135238647,,
2024-11-19 15:40:50.109654,,0.5519839525222778,
2024-11-19 15:40:50.109654,,,0.6399304270744324
2024-11-19 15:40:50.206864,,0.553367018699646,
2024-11-19 15:40:50.206864,0.684444010257721,,
2024-11-19 15:40:50.207392,,,0.6413617730140686
2024-11-19 15:40:50.346503,0.683600127696991,,
2024-11-19 15:40:50.346503,,0.555696964263916,
2024-11-19 15:40:50.347031,,,0.6398937106132507
2024-11-19 15:40:50.442864,,0.5598148107528687,
2024-11-19 15:40:50.442864,0.6834222674369812,,
2024-11-19 15:40:50.443385,,,0.6366151571273804
2024-11-19 15:40:50.505053,,,0.6284319758415222
2024-11-19 15:40:50.506083,0.6773718595504761,,
2024-11-19 15:40:50.506083,,0.5713332295417786,
2024-11-19 15:40:50.608861,,,0.6256303787231445
2024-11-19 15:40:50.613367,0.6714341044425964,,
2024-11-19 15:40:50.613367,,0.578406035900116,
2024-11-19 15:40:50.708552,0.6668656468391418,,
2024-11-19 15:40:50.708552,,0.5832346081733704,
2024-11-19 15:40:50.709063,,,0.6287635564804077
2024-11-19 15:40:50.810597,,,0.6351705193519592
2024-11-19 15:40:50.810597,,0.5882258415222168,
2024-11-19 15:40:50.810597,0.656912088394165,,
2024-11-19 15:40:50.939009,,,0.6408538222312927
2024-11-19 15:40:50.939573,0.6519129276275635,,
2024-11-19 15:40:50.940117,,0.5919228196144104,
2024-11-19 15:40:51.038990,0.6470381021499634,,
2024-11-19 15:40:51.039532,,0.5931267142295837,
2024-11-19 15:40:51.039532,,,0.6425643563270569
2024-11-19 15:40:51.149568,0.6383969187736511,,
2024-11-19 15:40:51.149568,,0.5917876362800598,
2024-11-19 15:40:51.150076,,,0.6385480165481567
2024-11-19 15:40:51.245264,,0.5899162888526917,
2024-11-19 15:40:51.245264,0.6170785427093506,,
2024-11-19 15:40:51.245264,,,0.6296679377555847
2024-11-19 15:40:51.342478,0.6166685819625854,,
2024-11-19 15:40:51.343036,,,0.6307938098907471
2024-11-19 15:40:51.343036,,0.5886639952659607,
2024-11-19 15:40:51.406429,,,0.6300848126411438
2024-11-19 15:40:51.406950,0.6166685819625854,,
2024-11-19 15:40:51.406950,,0.587964653968811,
2024-11-19 15:40:51.558411,0.6153256297111511,,
2024-11-19 15:40:51.558964,,,0.6248038411140442
2024-11-19 15:40:51.560053,,0.5862178802490234,
2024-11-19 15:40:51.655572,0.6132063865661621,,
2024-11-19 15:40:51.657127,,,0.6114540696144104
2024-11-19 15:40:51.657127,,0.5825220942497253,
2024-11-19 15:40:51.759266,,0.5771119594573975,
2024-11-19 15:40:51.759266,0.6086724400520325,,
2024-11-19 15:40:51.759779,,,0.5874389410018921
2024-11-19 15:40:51.823000,0.6040874123573303,,
2024-11-19 15:40:51.823000,,0.5701642036437988,
2024-11-19 15:40:51.823537,,,0.55413419008255
2024-11-19 15:40:51.927581,,0.5701642036437988,
2024-11-19 15:40:51.927581,0.6040874123573303,,
2024-11-19 15:40:51.928092,,,0.55413419008255
2024-11-19 15:40:52.025390,0.6040874123573303,,
2024-11-19 15:40:52.026993,,,0.55413419008255
2024-11-19 15:40:52.026993,,0.5701642036437988,
2024-11-19 15:40:52.156932,,0.5701642036437988,
2024-11-19 15:40:52.156932,0.6040874123573303,,
2024-11-19 15:40:52.157993,,,0.55413419008255
2024-11-19 15:40:52.251266,,0.5701642036437988,
2024-11-19 15:40:52.251783,,,0.55413419008255
2024-11-19 15:40:52.252297,0.6040874123573303,,
2024-11-19 15:40:52.357751,0.537945568561554,,
2024-11-19 15:40:52.358264,,0.512843668460846,
2024-11-19 15:40:52.358821,,,0.47062620520591736
2024-11-19 15:40:52.455917,0.5424807071685791,,
2024-11-19 15:40:52.456473,,0.5235738158226013,
2024-11-19 15:40:52.456473,,,0.45750677585601807
2024-11-19 15:40:52.520394,,,0.528878927230835
2024-11-19 15:40:52.520394,,0.4817545413970947,
2024-11-19 15:40:52.521442,0.5416130423545837,,
2024-11-19 15:40:52.650525,0.5512970089912415,,
2024-11-19 15:40:52.652095,,0.443875789642334,
2024-11-19 15:40:52.652095,,,0.45893916487693787
2024-11-19 15:40:52.786874,,,0.45162540674209595
2024-11-19 15:40:52.796207,0.5776928663253784,,
2024-11-19 15:40:52.796760,,0.45212599635124207,
2024-11-19 15:40:52.857073,,0.45809295773506165,
2024-11-19 15:40:52.857073,0.5873578786849976,,
2024-11-19 15:40:52.858131,,,0.4437883496284485
2024-11-19 15:40:52.962407,,,0.4586659073829651
2024-11-19 15:40:52.962958,,0.49113908410072327,
2024-11-19 15:40:52.962958,0.6701818704605103,,
2024-11-19 15:40:53.059060,0.7318111062049866,,
2024-11-19 15:40:53.060077,,0.4355267584323883,
2024-11-19 15:40:53.061633,,,0.46755334734916687
2024-11-19 15:40:53.152656,0.7779386043548584,,
2024-11-19 15:40:53.152656,,0.4680030345916748,
2024-11-19 15:40:53.153185,,,0.4521333873271942
2024-11-19 15:40:53.256222,0.8130276799201965,,
2024-11-19 15:40:53.256222,,0.49827539920806885,
2024-11-19 15:40:53.256759,,,0.4444712698459625
2024-11-19 15:40:53.382215,,,0.4481930434703827
2024-11-19 15:40:53.392543,,0.5302022099494934,
2024-11-19 15:40:53.392543,0.8424407839775085,,
2024-11-19 15:40:53.490216,0.8490285277366638,,
2024-11-19 15:40:53.490216,,0.5554034113883972,
2024-11-19 15:40:53.490739,,,0.45687833428382874
2024-11-19 15:40:53.581079,,0.5826131701469421,
2024-11-19 15:40:53.581679,,,0.4666055738925934
2024-11-19 15:40:53.582216,0.8446300029754639,,
2024-11-19 15:40:53.656223,0.8549765348434448,,
2024-11-19 15:40:53.657298,,,0.47446921467781067
2024-11-19 15:40:53.657298,,0.5954062938690186,
2024-11-19 15:40:53.749864,0.8512387871742249,,
2024-11-19 15:40:53.749864,,,0.4617111086845398
2024-11-19 15:40:53.750410,,0.6023333668708801,
2024-11-19 15:40:53.864428,,0.6155582666397095,
2024-11-19 15:40:53.864428,,,0.4579184651374817
2024-11-19 15:40:53.864428,0.8512387871742249,,
2024-11-19 15:40:53.988017,0.8512387871742249,,
2024-11-19 15:40:53.988017,,0.6286357045173645,
2024-11-19 15:40:53.988565,,,0.4625713527202606
2024-11-19 15:40:54.090638,,,0.47110116481781006
2024-11-19 15:40:54.090638,0.8512387871742249,,
2024-11-19 15:40:54.091188,,0.642238199710846,
2024-11-19 15:40:54.185681,0.8508475422859192,,
2024-11-19 15:40:54.185811,,0.6586160659790039,
2024-11-19 15:40:54.186334,,,0.47526150941848755
2024-11-19 15:40:54.291290,0.8491591811180115,,
2024-11-19 15:40:54.291821,,0.6724573969841003,
2024-11-19 15:40:54.291821,,,0.46274253726005554
2024-11-19 15:40:54.389885,0.8454921245574951,,
2024-11-19 15:40:54.390421,,0.6896405816078186,
2024-11-19 15:40:54.390421,,,0.45024630427360535
2024-11-19 15:40:54.486234,,,0.4500441253185272
2024-11-19 15:40:54.486234,0.8330034613609314,,
2024-11-19 15:40:54.486234,,0.7142881751060486,
2024-11-19 15:40:54.581116,0.8284440040588379,,
2024-11-19 15:40:54.581634,,,0.4671420156955719
2024-11-19 15:40:54.581634,,0.7292530536651611,
2024-11-19 15:40:54.683300,,0.7453902959823608,
2024-11-19 15:40:54.683856,0.8221944570541382,,
2024-11-19 15:40:54.683856,,,0.49011552333831787
2024-11-19 15:40:54.787256,0.8126723766326904,,
2024-11-19 15:40:54.788316,,0.7516211867332458,
2024-11-19 15:40:54.788880,,,0.4996642470359802
2024-11-19 15:40:54.889357,0.8126723766326904,,
2024-11-19 15:40:54.889869,,0.7516211867332458,
2024-11-19 15:40:54.889869,,,0.4996642470359802
2024-11-19 15:40:54.982889,0.8126723766326904,,
2024-11-19 15:40:54.983397,,0.7516211867332458,
2024-11-19 15:40:54.983909,,,0.4996642470359802
2024-11-19 15:40:55.080976,,0.7516211867332458,
2024-11-19 15:40:55.080976,0.8126723766326904,,
2024-11-19 15:40:55.081511,,,0.4996642470359802
2024-11-19 15:40:55.212401,0.8126723766326904,,
2024-11-19 15:40:55.212914,,,0.4996642470359802
2024-11-19 15:40:55.212914,,0.7516211867332458,
2024-11-19 15:40:55.318449,0.714613676071167,,
2024-11-19 15:40:55.318981,,0.5799829959869385,
2024-11-19 15:40:55.318981,,,0.5147592425346375
2024-11-19 15:40:55.419806,0.5876150131225586,,
2024-11-19 15:40:55.420318,,,0.6030899286270142
2024-11-19 15:40:55.420318,,0.5051689743995667,
2024-11-19 15:40:55.482368,,0.5061560869216919,
2024-11-19 15:40:55.482368,0.6100613474845886,,
2024-11-19 15:40:55.482885,,,0.6073797941207886
2024-11-19 15:40:55.581825,0.5592731237411499,,
2024-11-19 15:40:55.582341,,,0.7203388810157776
2024-11-19 15:40:55.582341,,0.4607713222503662,
2024-11-19 15:40:55.681402,0.5952290296554565,,
2024-11-19 15:40:55.681909,,0.45505398511886597,
2024-11-19 15:40:55.681909,,,0.7221039533615112
2024-11-19 15:40:55.812657,0.6010987758636475,,
2024-11-19 15:40:55.812657,,0.4446210265159607,
2024-11-19 15:40:55.813217,,,0.7102049589157104
2024-11-19 15:40:55.923947,,0.4321274757385254,
2024-11-19 15:40:55.923947,0.6010987758636475,,
2024-11-19 15:40:55.924474,,,0.6939839720726013
2024-11-19 15:40:56.011394,,0.41984522342681885,
2024-11-19 15:40:56.011394,0.6010987758636475,,
2024-11-19 15:40:56.011916,,,0.6777260899543762
2024-11-19 15:40:56.111779,0.6035647988319397,,
2024-11-19 15:40:56.111779,,,0.6642820239067078
2024-11-19 15:40:56.111779,,0.4106003940105438,
2024-11-19 15:40:56.188587,,0.40654632449150085,
2024-11-19 15:40:56.188587,0.6269693970680237,,
2024-11-19 15:40:56.190101,,,0.6532344222068787
2024-11-19 15:40:56.284146,0.6874747276306152,,
2024-11-19 15:40:56.284146,,0.4070638120174408,
2024-11-19 15:40:56.284652,,,0.6421753764152527
2024-11-19 15:40:56.446813,,,0.630457878112793
2024-11-19 15:40:56.446813,0.7188776135444641,,
2024-11-19 15:40:56.446813,,0.40986156463623047,
2024-11-19 15:40:56.546131,,0.40297120809555054,
2024-11-19 15:40:56.546131,0.7222695350646973,,
2024-11-19 15:40:56.546639,,,0.607503354549408
2024-11-19 15:40:56.618807,,0.40285786986351013,
2024-11-19 15:40:56.618807,0.7213345766067505,,
2024-11-19 15:40:56.618807,,,0.5826478004455566
2024-11-19 15:40:56.696984,,0.4020675718784332,
2024-11-19 15:40:56.698496,,,0.5550926923751831
2024-11-19 15:40:56.711694,0.7191846966743469,,
2024-11-19 15:40:56.799796,0.7020846009254456,,
2024-11-19 15:40:56.799796,,0.39464324712753296,
2024-11-19 15:40:56.800305,,,0.5326045155525208
2024-11-19 15:40:56.895025,,0.38280290365219116,
2024-11-19 15:40:56.895536,0.6642100214958191,,
2024-11-19 15:40:56.895536,,,0.5040858387947083
2024-11-19 15:40:57.043601,,,0.4714687764644623
2024-11-19 15:40:57.043601,0.6312870979309082,,
2024-11-19 15:40:57.043601,,0.36848822236061096,
2024-11-19 15:40:57.143065,,0.3556080460548401,
2024-11-19 15:40:57.143610,0.6334487795829773,,
2024-11-19 15:40:57.143610,,,0.43403470516204834
2024-11-19 15:40:57.208706,,,0.39852452278137207
2024-11-19 15:40:57.209221,0.6299405097961426,,
2024-11-19 15:40:57.209221,,0.3442310392856598,
2024-11-19 15:40:57.337327,0.6285162568092346,,
2024-11-19 15:40:57.337327,,0.33476522564888,
2024-11-19 15:40:57.337327,,,0.38826465606689453
2024-11-19 15:40:57.407265,0.6258753538131714,,
2024-11-19 15:40:57.407265,,0.32506662607192993,
2024-11-19 15:40:57.407797,,,0.3824876844882965
2024-11-19 15:40:57.507644,,,0.387666791677475
2024-11-19 15:40:57.508155,0.6261712312698364,,
2024-11-19 15:40:57.508155,,0.322687029838562,
2024-11-19 15:40:57.641641,,,0.39850592613220215
2024-11-19 15:40:57.642691,0.6318877935409546,,
2024-11-19 15:40:57.642691,,0.32134151458740234,
2024-11-19 15:40:57.740698,0.670199990272522,,
2024-11-19 15:40:57.740698,,0.31959396600723267,
2024-11-19 15:40:57.741215,,,0.4233784079551697
2024-11-19 15:40:57.843229,,,0.4297262728214264
2024-11-19 15:40:57.843229,0.6727287769317627,,
2024-11-19 15:40:57.843229,,0.3142763078212738,
2024-11-19 15:40:57.943934,,0.30499762296676636,
2024-11-19 15:40:57.943934,0.6679689884185791,,
2024-11-19 15:40:57.944457,,,0.442493200302124
2024-11-19 15:40:58.040191,,0.2939206063747406,
2024-11-19 15:40:58.040191,0.6350002288818359,,
2024-11-19 15:40:58.041278,,,0.4572773873806
2024-11-19 15:40:58.107672,,,0.4715941250324249
2024-11-19 15:40:58.108773,0.5971279740333557,,
2024-11-19 15:40:58.109745,,0.2751540541648865,
2024-11-19 15:40:58.269440,0.5824169516563416,,
2024-11-19 15:40:58.269993,,,0.4880944490432739
2024-11-19 15:40:58.269993,,0.24976539611816406,
2024-11-19 15:40:58.341025,0.5820473432540894,,
2024-11-19 15:40:58.341365,,0.2237139493227005,
2024-11-19 15:40:58.341914,,,0.5071638226509094
2024-11-19 15:40:58.443625,0.5818809270858765,,
2024-11-19 15:40:58.444213,,0.20557422935962677,
2024-11-19 15:40:58.444213,,,0.5247778296470642
2024-11-19 15:40:58.543212,0.5785316228866577,,
2024-11-19 15:40:58.544245,,0.1999642550945282,
2024-11-19 15:40:58.545652,,,0.5327109098434448
2024-11-19 15:40:58.635540,,,0.5410589575767517
2024-11-19 15:40:58.639801,,0.20229867100715637,
2024-11-19 15:40:58.639801,0.5776220560073853,,
2024-11-19 15:40:58.735342,0.5985158085823059,,
2024-11-19 15:40:58.736380,,0.23694325983524323,
2024-11-19 15:40:58.736891,,,0.5432776808738708
2024-11-19 15:40:58.879449,0.6250743865966797,,
2024-11-19 15:40:58.879985,,,0.5404529571533203
2024-11-19 15:40:58.879985,,0.26563024520874023,
2024-11-19 15:40:58.970849,,0.2856419086456299,
2024-11-19 15:40:58.970849,0.6356618404388428,,
2024-11-19 15:40:58.971353,,,0.5361617803573608
2024-11-19 15:40:59.036498,,0.34326252341270447,
2024-11-19 15:40:59.036498,0.7194521427154541,,
2024-11-19 15:40:59.037017,,,0.5450809597969055
2024-11-19 15:40:59.132373,0.7566938996315002,,
2024-11-19 15:40:59.133477,,,0.530347466468811
2024-11-19 15:40:59.134754,,0.34632885456085205,
2024-11-19 15:40:59.236301,0.7981192469596863,,
2024-11-19 15:40:59.236824,,0.35067591071128845,
2024-11-19 15:40:59.236824,,,0.48025768995285034
2024-11-19 15:40:59.343594,0.8362260460853577,,
2024-11-19 15:40:59.343594,,,0.48965033888816833
2024-11-19 15:40:59.343594,,0.3634141981601715,
2024-11-19 15:40:59.468517,,0.39554765820503235,
2024-11-19 15:40:59.468517,0.8573076128959656,,
2024-11-19 15:40:59.471720,,,0.48936575651168823
2024-11-19 15:40:59.572171,0.8685662150382996,,
2024-11-19 15:40:59.572722,,0.4443880021572113,
2024-11-19 15:40:59.573823,,,0.48341697454452515
2024-11-19 15:40:59.643174,0.8806064128875732,,
2024-11-19 15:40:59.643174,,0.49732816219329834,
2024-11-19 15:40:59.643174,,,0.48269370198249817
2024-11-19 15:40:59.782659,,0.5396296977996826,
2024-11-19 15:40:59.783193,,,0.4939889907836914
2024-11-19 15:40:59.783193,0.900797426700592,,
2024-11-19 15:40:59.838501,,0.5636340379714966,
2024-11-19 15:40:59.838501,0.9213408827781677,,
2024-11-19 15:40:59.840099,,,0.5121322870254517
2024-11-19 15:40:59.966865,0.9236744046211243,,
2024-11-19 15:40:59.967378,,0.5700157284736633,
2024-11-19 15:40:59.967378,,,0.5266081690788269
2024-11-19 15:41:00.068931,,,0.5312573909759521
2024-11-19 15:41:00.068931,,0.5649475455284119,
2024-11-19 15:41:00.069479,0.9236744046211243,,
2024-11-19 15:41:00.167192,0.9228785037994385,,
2024-11-19 15:41:00.168214,,,0.5262781381607056
2024-11-19 15:41:00.168214,,0.5549300312995911,
2024-11-19 15:41:00.267876,,0.5487992167472839,
2024-11-19 15:41:00.267876,0.9179710745811462,,
2024-11-19 15:41:00.268390,,,0.5121777653694153
2024-11-19 15:41:00.369467,,0.5445225834846497,
2024-11-19 15:41:00.369979,0.9093303084373474,,
2024-11-19 15:41:00.371070,,,0.49490097165107727
2024-11-19 15:41:00.469598,,0.5436266660690308,
2024-11-19 15:41:00.469598,,,0.48087602853775024
2024-11-19 15:41:00.469598,0.9003608226776123,,
2024-11-19 15:41:00.538248,0.8982512950897217,,
2024-11-19 15:41:00.538248,,0.5453336238861084,
2024-11-19 15:41:00.539302,,,0.4730425477027893
2024-11-19 15:41:00.700184,0.8972079753875732,,
2024-11-19 15:41:00.700184,,0.5470960736274719,
2024-11-19 15:41:00.700714,,,0.46662113070487976
2024-11-19 15:41:00.799304,,0.5454587340354919,
2024-11-19 15:41:00.799862,0.8955855369567871,,
2024-11-19 15:41:00.800418,,,0.4554345905780792
2024-11-19 15:41:00.898874,,0.5365483164787292,
2024-11-19 15:41:00.899914,,,0.4418888986110687
2024-11-19 15:41:00.900542,0.88027024269104,,
2024-11-19 15:41:00.961459,0.8761513233184814,,
2024-11-19 15:41:00.961459,,,0.43506357073783875
2024-11-19 15:41:00.961988,,0.5160866379737854,
2024-11-19 15:41:01.063245,0.8725056052207947,,
2024-11-19 15:41:01.063245,,0.48029184341430664,
2024-11-19 15:41:01.063776,,,0.43755459785461426
2024-11-19 15:41:01.163277,0.8679397106170654,,
2024-11-19 15:41:01.163787,,,0.44084295630455017
2024-11-19 15:41:01.163787,,0.4292725622653961,
2024-11-19 15:41:01.316249,0.8535497784614563,,
2024-11-19 15:41:01.316754,,,0.43012136220932007
2024-11-19 15:41:01.316754,,0.3711714744567871,
2024-11-19 15:41:01.414027,0.8020688891410828,,
2024-11-19 15:41:01.414590,,0.31945592164993286,
2024-11-19 15:41:01.415190,,,0.4020397365093231
2024-11-19 15:41:01.483328,,,0.36789533495903015
2024-11-19 15:41:01.483843,0.6892728805541992,,
2024-11-19 15:41:01.484360,,0.2840758264064789,
2024-11-19 15:41:01.610389,,0.26778167486190796,
2024-11-19 15:41:01.610389,0.6308370232582092,,
2024-11-19 15:41:01.611494,,,0.35541385412216187
2024-11-19 15:41:01.679284,,0.2680698037147522,
2024-11-19 15:41:01.679801,,,0.3961849510669708
2024-11-19 15:41:01.680312,0.7068167924880981,,
2024-11-19 15:41:01.781341,0.7868490219116211,,
2024-11-19 15:41:01.781848,,0.28453242778778076,
2024-11-19 15:41:01.781848,,,0.4824770987033844
2024-11-19 15:41:01.910854,,0.31181198358535767,
2024-11-19 15:41:01.910854,0.8574250936508179,,
2024-11-19 15:41:01.911368,,,0.5760181546211243
2024-11-19 15:41:02.012571,0.853252112865448,,
2024-11-19 15:41:02.013080,,,0.6043655276298523
2024-11-19 15:41:02.013080,,0.3081400990486145,
2024-11-19 15:41:02.101089,,0.29930347204208374,
2024-11-19 15:41:02.101637,0.8432654738426208,,
2024-11-19 15:41:02.101637,,,0.6341223120689392
2024-11-19 15:41:02.196366,,,0.6657949090003967
2024-11-19 15:41:02.196890,0.8339192867279053,,
2024-11-19 15:41:02.197409,,0.28920385241508484,
2024-11-19 15:41:02.295056,0.8280021548271179,,
2024-11-19 15:41:02.295245,,,0.697046160697937
2024-11-19 15:41:02.295978,,0.28560641407966614,
2024-11-19 15:41:02.398084,,0.2945452332496643,
2024-11-19 15:41:02.398084,0.8119940161705017,,
2024-11-19 15:41:02.398600,,,0.7228981852531433
2024-11-19 15:41:02.525548,,,0.7389285564422607
2024-11-19 15:41:02.525963,,0.3008146286010742,
2024-11-19 15:41:02.526349,0.8119940161705017,,
2024-11-19 15:41:02.631257,,0.3097975552082062,
2024-11-19 15:41:02.631257,0.8119940161705017,,
2024-11-19 15:41:02.631804,,,0.7569851279258728
2024-11-19 15:41:02.694641,,0.3207341432571411,
2024-11-19 15:41:02.694641,0.8119940161705017,,
2024-11-19 15:41:02.695170,,,0.7773675322532654
2024-11-19 15:41:02.797420,0.8119940161705017,,
2024-11-19 15:41:02.797420,,0.333974689245224,
2024-11-19 15:41:02.797951,,,0.8018406629562378
2024-11-19 15:41:02.893594,,,0.8195323944091797
2024-11-19 15:41:02.894141,,0.3430681824684143,
2024-11-19 15:41:02.897853,0.8119940161705017,,
2024-11-19 15:41:02.995370,,0.3575440049171448,
2024-11-19 15:41:02.995370,0.8119940161705017,,
2024-11-19 15:41:02.995911,,,0.8421393632888794
2024-11-19 15:41:03.126866,0.8119940161705017,,
2024-11-19 15:41:03.127427,,,0.8420674204826355
2024-11-19 15:41:03.127992,,0.3587077856063843,
2024-11-19 15:41:03.229186,,0.35895681381225586,
2024-11-19 15:41:03.229836,0.811693549156189,,
2024-11-19 15:41:03.230360,,,0.8302267789840698
2024-11-19 15:41:03.330647,,0.35115909576416016,
2024-11-19 15:41:03.330647,0.8068655133247375,,
2024-11-19 15:41:03.331209,,,0.7959924936294556
2024-11-19 15:41:03.423383,,,0.7161321640014648
2024-11-19 15:41:03.423913,0.5672117471694946,,
2024-11-19 15:41:03.423913,,0.3264022767543793,
2024-11-19 15:41:03.494455,0.3158191442489624,,
2024-11-19 15:41:03.494992,,,0.4520082175731659
2024-11-19 15:41:03.494992,,0.3075862228870392,
2024-11-19 15:41:03.591003,,,0.47955939173698425
2024-11-19 15:41:03.600714,0.35148701071739197,,
2024-11-19 15:41:03.601221,,0.36224281787872314,
2024-11-19 15:41:03.723198,,0.35575053095817566,
2024-11-19 15:41:03.723706,0.3617735207080841,,
2024-11-19 15:41:03.723706,,,0.46642962098121643
2024-11-19 15:41:03.855641,0.3753223717212677,,
2024-11-19 15:41:03.856193,,,0.44957947731018066
2024-11-19 15:41:03.856193,,0.3503275215625763,
2024-11-19 15:41:03.930615,0.3913149833679199,,
2024-11-19 15:41:03.931121,,0.3477171063423157,
2024-11-19 15:41:03.931121,,,0.4377993047237396
2024-11-19 15:41:04.027336,0.40367358922958374,,
2024-11-19 15:41:04.027854,,0.34780436754226685,
2024-11-19 15:41:04.028387,,,0.43245747685432434
2024-11-19 15:41:04.122406,,,0.4455626308917999
2024-11-19 15:41:04.122406,,0.34857499599456787,
2024-11-19 15:41:04.122406,0.42967960238456726,,
2024-11-19 15:41:04.225658,0.46448788046836853,,
2024-11-19 15:41:04.225658,,0.34924954175949097,
2024-11-19 15:41:04.226165,,,0.48940563201904297
2024-11-19 15:41:04.350642,0.4969084560871124,,
2024-11-19 15:41:04.351178,,0.34995463490486145,
2024-11-19 15:41:04.351178,,,0.5517748594284058
2024-11-19 15:41:04.455402,,0.35171395540237427,
2024-11-19 15:41:04.455952,,,0.6082103252410889
2024-11-19 15:41:04.455952,0.5197293162345886,,
2024-11-19 15:41:04.550167,,,0.6437487006187439
2024-11-19 15:41:04.550724,0.5329791903495789,,
2024-11-19 15:41:04.551283,,0.35169774293899536,
2024-11-19 15:41:04.620962,0.5380838513374329,,
2024-11-19 15:41:04.621473,,,0.657961368560791
2024-11-19 15:41:04.621473,,0.3491663634777069,
2024-11-19 15:41:04.723805,,0.3495551645755768,
2024-11-19 15:41:04.723805,0.5344244241714478,,
2024-11-19 15:41:04.724353,,,0.6533528566360474
2024-11-19 15:41:04.825056,,,0.6571347117424011
2024-11-19 15:41:04.825056,0.5316968560218811,,
2024-11-19 15:41:04.825056,,0.34791550040245056,
2024-11-19 15:41:04.965257,,0.3425111770629883,
2024-11-19 15:41:04.965790,,,0.659424901008606
2024-11-19 15:41:04.965790,0.5247681736946106,,
2024-11-19 15:41:05.042007,0.5362163186073303,,
2024-11-19 15:41:05.042518,,,0.6584773659706116
2024-11-19 15:41:05.042518,,0.34077396988868713,
2024-11-19 15:41:05.167386,,0.3421687185764313,
2024-11-19 15:41:05.167902,,,0.661155641078949
2024-11-19 15:41:05.167902,0.5368372797966003,,
2024-11-19 15:41:05.240201,0.5348836183547974,,
2024-11-19 15:41:05.240201,,0.34664878249168396,
2024-11-19 15:41:05.240719,,,0.6675367951393127
2024-11-19 15:41:05.338554,0.5537452697753906,,
2024-11-19 15:41:05.339065,,,0.676052987575531
2024-11-19 15:41:05.339065,,0.35249900817871094,
2024-11-19 15:41:05.432697,0.5821055173873901,,
2024-11-19 15:41:05.432697,,0.3570876121520996,
2024-11-19 15:41:05.433209,,,0.6852078437805176
2024-11-19 15:41:05.565775,,,0.6962854862213135
2024-11-19 15:41:05.566300,,0.35982388257980347,
2024-11-19 15:41:05.566300,0.5996330380439758,,
2024-11-19 15:41:05.668178,0.6059348583221436,,
2024-11-19 15:41:05.668687,,,0.7059551477432251
2024-11-19 15:41:05.668687,,0.35912859439849854,
2024-11-19 15:41:05.767112,0.6059348583221436,,
2024-11-19 15:41:05.767112,,,0.7026098966598511
2024-11-19 15:41:05.767616,,0.3576371967792511,
2024-11-19 15:41:05.865238,0.6015690565109253,,
2024-11-19 15:41:05.865772,,0.3562415838241577,
2024-11-19 15:41:05.865772,,,0.6834343671798706
2024-11-19 15:41:05.930522,,0.31997889280319214,
2024-11-19 15:41:05.930522,,,0.8680717945098877
2024-11-19 15:41:05.930522,0.6724535822868347,,
2024-11-19 15:41:06.032454,,,0.814882755279541
2024-11-19 15:41:06.032454,,0.31062206625938416,
2024-11-19 15:41:06.032964,0.6330400705337524,,
2024-11-19 15:41:06.169211,0.6387009620666504,,
2024-11-19 15:41:06.170268,,0.3509480059146881,
2024-11-19 15:41:06.170817,,,0.7350255846977234
2024-11-19 15:41:06.264136,0.6041396856307983,,
2024-11-19 15:41:06.264648,,,0.7062984704971313
2024-11-19 15:41:06.265161,,0.35827553272247314,
2024-11-19 15:41:06.364928,0.6284250020980835,,
2024-11-19 15:41:06.364928,,,0.6968194842338562
2024-11-19 15:41:06.364928,,0.36735668778419495,
2024-11-19 15:41:06.475109,,0.3734150826931,
2024-11-19 15:41:06.476160,0.6609504222869873,,
2024-11-19 15:41:06.476695,,,0.7050366997718811
2024-11-19 15:41:06.565552,0.6921292543411255,,
2024-11-19 15:41:06.566060,,0.3869984447956085,
2024-11-19 15:41:06.566572,,,0.7301048636436462
2024-11-19 15:41:06.634703,0.7008636593818665,,
2024-11-19 15:41:06.635246,,,0.7514349222183228
2024-11-19 15:41:06.635246,,0.39704111218452454,
2024-11-19 15:41:06.799851,,0.40161430835723877,
2024-11-19 15:41:06.799851,0.6779018044471741,,
2024-11-19 15:41:06.800375,,,0.7611659169197083
2024-11-19 15:41:06.896419,,0.4037693440914154,
2024-11-19 15:41:06.896419,0.6743279099464417,,
2024-11-19 15:41:06.896960,,,0.7651535868644714
2024-11-19 15:41:06.961623,0.6735137701034546,,
2024-11-19 15:41:06.961623,,0.404725044965744,
2024-11-19 15:41:06.962165,,,0.7644001245498657
2024-11-19 15:41:07.063125,,0.40498533844947815,
2024-11-19 15:41:07.063635,0.6702041625976562,,
2024-11-19 15:41:07.064144,,,0.7477264404296875
2024-11-19 15:41:07.163043,0.5931463241577148,,
2024-11-19 15:41:07.163043,,0.39474397897720337,
2024-11-19 15:41:07.163043,,,0.7088983058929443
2024-11-19 15:41:07.269483,,0.39109376072883606,
2024-11-19 15:41:07.269483,0.5850996375083923,,
2024-11-19 15:41:07.269483,,,0.7047635316848755
2024-11-19 15:42:55.956649,0.353135883808136,,
2024-11-19 15:42:55.957705,,0.3807244300842285,
2024-11-19 15:42:55.959315,,,0.4281140863895416
2024-11-19 15:42:56.060297,0.36657312512397766,,
2024-11-19 15:42:56.062337,,0.37894177436828613,
2024-11-19 15:42:56.064442,,,0.4232841730117798
2024-11-19 15:42:56.138480,0.37484443187713623,,
2024-11-19 15:42:56.138991,,0.3767003118991852,
2024-11-19 15:42:56.138991,,,0.4160022437572479
2024-11-19 15:42:56.224911,0.37484443187713623,,
2024-11-19 15:42:56.225947,,0.3733300566673279,
2024-11-19 15:42:56.226998,,,0.4094935655593872
2024-11-19 15:42:56.331017,0.37484443187713623,,
2024-11-19 15:42:56.331528,,,0.4039548337459564
2024-11-19 15:42:56.331528,,0.36874470114707947,
2024-11-19 15:42:56.456188,,,0.39934706687927246
2024-11-19 15:42:56.458228,0.37484443187713623,,
2024-11-19 15:42:56.458779,,0.36354169249534607,
2024-11-19 15:42:56.557729,,0.35829782485961914,
2024-11-19 15:42:56.558286,,,0.3954385817050934
2024-11-19 15:42:56.558286,0.37484443187713623,,
2024-11-19 15:42:56.664610,,0.3532353341579437,
2024-11-19 15:42:56.665123,0.37484443187713623,,
2024-11-19 15:42:56.666234,,,0.39181867241859436
2024-11-19 15:42:56.759783,0.37484443187713623,,
2024-11-19 15:42:56.760343,,0.34601396322250366,
2024-11-19 15:42:56.761441,,,0.3899309039115906
2024-11-19 15:42:56.865351,0.37484443187713623,,
2024-11-19 15:42:56.865351,,0.3411075472831726,
2024-11-19 15:42:56.865907,,,0.391934335231781
2024-11-19 15:42:56.922613,0.3987210988998413,,
2024-11-19 15:42:56.923127,,0.34293419122695923,
2024-11-19 15:42:56.923127,,,0.40220963954925537
2024-11-19 15:42:57.104325,,,0.4203125536441803
2024-11-19 15:42:57.104325,0.43464604020118713,,
2024-11-19 15:42:57.104325,,0.35258540511131287,
2024-11-19 15:42:57.158155,,0.3646332025527954,
2024-11-19 15:42:57.158670,,,0.4384867548942566
2024-11-19 15:42:57.159179,0.4513647258281708,,
2024-11-19 15:42:57.254725,0.45208901166915894,,
2024-11-19 15:42:57.254725,,0.373064249753952,
2024-11-19 15:42:57.256391,,,0.450140118598938
2024-11-19 15:42:57.362450,0.45208901166915894,,
2024-11-19 15:42:57.363185,,0.3759863078594208,
2024-11-19 15:42:57.365859,,,0.45458024740219116
2024-11-19 15:42:57.485374,,0.37510451674461365,
2024-11-19 15:42:57.485374,0.45208901166915894,,
2024-11-19 15:42:57.485903,,,0.45536306500434875
2024-11-19 15:42:57.557466,,0.3730044960975647,
2024-11-19 15:42:57.557466,0.45208901166915894,,
2024-11-19 15:42:57.557994,,,0.45671546459198
2024-11-19 15:42:57.687326,,0.3710865378379822,
2024-11-19 15:42:57.687326,0.45208901166915894,,
2024-11-19 15:42:57.689409,,,0.4597756266593933
2024-11-19 15:42:57.794649,0.45208901166915894,,
2024-11-19 15:42:57.794649,,0.37042197585105896,
2024-11-19 15:42:57.795165,,,0.4635355770587921
2024-11-19 15:42:57.856446,0.45208901166915894,,
2024-11-19 15:42:57.856446,,0.3717305064201355,
2024-11-19 15:42:57.856962,,,0.4667976200580597
2024-11-19 15:42:57.955744,,0.37460237741470337,
2024-11-19 15:42:57.955744,0.45208901166915894,,
2024-11-19 15:42:57.956267,,,0.4685245752334595
2024-11-19 15:42:58.058080,,0.3778424561023712,
2024-11-19 15:42:58.058080,0.45208901166915894,,
2024-11-19 15:42:58.059647,,,0.46861857175827026
2024-11-19 15:42:58.158052,0.45208901166915894,,
2024-11-19 15:42:58.158052,,0.3806479871273041,
2024-11-19 15:42:58.158561,,,0.46783098578453064
2024-11-19 15:42:58.284921,,0.4082293212413788,
2024-11-19 15:42:58.285470,,,0.45456528663635254
2024-11-19 15:42:58.299409,0.4502052068710327,,
2024-11-19 15:42:58.415922,0.46341919898986816,,
2024-11-19 15:42:58.415922,,0.4062732756137848,
2024-11-19 15:42:58.416476,,,0.4514082372188568
2024-11-19 15:42:58.483185,,0.4014957547187805,
2024-11-19 15:42:58.483185,0.48575109243392944,,
2024-11-19 15:42:58.483185,,,0.4386141002178192
2024-11-19 15:42:58.585911,0.5084401369094849,,
2024-11-19 15:42:58.586421,,0.3916500508785248,
2024-11-19 15:42:58.586421,,,0.4198713004589081
2024-11-19 15:42:58.681575,,0.3812987208366394,
2024-11-19 15:42:58.681575,,,0.4074063301086426
2024-11-19 15:42:58.682097,0.535658061504364,,
2024-11-19 15:42:58.750145,,,0.4016411304473877
2024-11-19 15:42:58.750652,0.5067333579063416,,
2024-11-19 15:42:58.751183,,0.37255844473838806,
2024-11-19 15:42:58.883870,,0.36895906925201416,
2024-11-19 15:42:58.884415,0.487970769405365,,
2024-11-19 15:42:58.884415,,,0.40183025598526
2024-11-19 15:42:58.982657,,0.4847818911075592,
2024-11-19 15:42:58.982657,0.6454803943634033,,
2024-11-19 15:42:58.983202,,,0.5515997409820557
2024-11-19 15:42:59.086455,,0.472846120595932,
2024-11-19 15:42:59.086455,0.6505788564682007,,
2024-11-19 15:42:59.087967,,,0.5252596735954285
2024-11-19 15:42:59.180974,,0.4579048156738281,
2024-11-19 15:42:59.180974,0.6517382264137268,,
2024-11-19 15:42:59.181492,,,0.48810672760009766
2024-11-19 15:42:59.284883,,0.4450210928916931,
2024-11-19 15:42:59.284883,0.6519197225570679,,
2024-11-19 15:42:59.285948,,,0.44447141885757446
2024-11-19 15:42:59.379885,,,0.4104212522506714
2024-11-19 15:42:59.379885,,0.4378869831562042,
2024-11-19 15:42:59.379885,0.650282084941864,,
2024-11-19 15:42:59.526961,,0.43412327766418457,
2024-11-19 15:42:59.526961,0.647331714630127,,
2024-11-19 15:42:59.528019,,,0.3970394432544708
2024-11-19 15:42:59.612571,0.6448159217834473,,
2024-11-19 15:42:59.612571,,,0.39267078042030334
2024-11-19 15:42:59.613093,,0.4435954689979553,
2024-11-19 15:42:59.718349,,0.45735299587249756,
2024-11-19 15:42:59.718349,0.649230420589447,,
2024-11-19 15:42:59.718879,,,0.39039912819862366
2024-11-19 15:42:59.789940,0.6519826054573059,,
2024-11-19 15:42:59.789940,,0.4773484468460083,
2024-11-19 15:42:59.789940,,,0.390041321516037
2024-11-19 15:42:59.880365,0.6541406512260437,,
2024-11-19 15:42:59.881933,,0.4987054765224457,
2024-11-19 15:42:59.881933,,,0.3921138048171997
2024-11-19 15:42:59.990108,0.6445610523223877,,
2024-11-19 15:42:59.990674,,0.503344714641571,
2024-11-19 15:42:59.990674,,,0.39774468541145325
2024-11-19 15:43:00.120627,0.59548020362854,,
2024-11-19 15:43:00.120627,,0.5007500648498535,
2024-11-19 15:43:00.121703,,,0.35770508646965027
2024-11-19 15:43:00.211401,,,0.3069794178009033
2024-11-19 15:43:00.211943,,0.48200473189353943,
2024-11-19 15:43:00.211943,0.5060960054397583,,
2024-11-19 15:43:00.307127,,0.47782018780708313,
2024-11-19 15:43:00.308166,0.500640869140625,,
2024-11-19 15:43:00.308677,,,0.3052292466163635
2024-11-19 15:43:00.408776,,0.47202441096305847,
2024-11-19 15:43:00.409322,,,0.30096450448036194
2024-11-19 15:43:00.409322,0.4439249336719513,,
2024-11-19 15:43:00.480735,,0.4718972444534302,
2024-11-19 15:43:00.480735,0.4100632667541504,,
2024-11-19 15:43:00.481283,,,0.2893432378768921
2024-11-19 15:43:00.580463,0.40858906507492065,,
2024-11-19 15:43:00.580980,,,0.2849493622779846
2024-11-19 15:43:00.580980,,0.47773194313049316,
2024-11-19 15:43:00.746191,,0.4850565493106842,
2024-11-19 15:43:00.746191,0.40837183594703674,,
2024-11-19 15:43:00.746191,,,0.28653717041015625
2024-11-19 15:43:00.809218,,0.4937587082386017,
2024-11-19 15:43:00.809742,,,0.29302307963371277
2024-11-19 15:43:00.810269,0.40837183594703674,,
2024-11-19 15:43:00.915686,0.40837183594703674,,
2024-11-19 15:43:00.916275,,,0.3021200895309448
2024-11-19 15:43:00.916275,,0.503227710723877,
2024-11-19 15:43:01.010006,0.40837183594703674,,
2024-11-19 15:43:01.010006,,0.5127846598625183,
2024-11-19 15:43:01.010532,,,0.3132995367050171
2024-11-19 15:43:01.121157,,0.5214707851409912,
2024-11-19 15:43:01.121157,0.40837183594703674,,
2024-11-19 15:43:01.121670,,,0.3272109627723694
2024-11-19 15:43:01.212100,0.40837183594703674,,
2024-11-19 15:43:01.212100,,0.5273969173431396,
2024-11-19 15:43:01.212619,,,0.344882607460022
2024-11-19 15:43:01.341195,0.40837183594703674,,
2024-11-19 15:43:01.341710,,0.52827388048172,
2024-11-19 15:43:01.341710,,,0.3661031424999237
2024-11-19 15:43:01.440343,,0.578657329082489,
2024-11-19 15:43:01.440343,0.46079084277153015,,
2024-11-19 15:43:01.440869,,,0.378390908241272
2024-11-19 15:43:01.509690,,0.6044113039970398,
2024-11-19 15:43:01.509690,0.48059019446372986,,
2024-11-19 15:43:01.511278,,,0.37407386302948
2024-11-19 15:43:01.619127,0.5094228386878967,,
2024-11-19 15:43:01.619669,,0.6306866407394409,
2024-11-19 15:43:01.619669,,,0.3698849380016327
2024-11-19 15:43:01.707596,,,0.37072819471359253
2024-11-19 15:43:01.708145,0.5312327742576599,,
2024-11-19 15:43:01.708145,,0.6498690843582153,
2024-11-19 15:43:01.813888,0.5409805178642273,,
2024-11-19 15:43:01.814446,,0.6596064567565918,
2024-11-19 15:43:01.814446,,,0.3759719729423523
2024-11-19 15:43:01.943754,,0.6616796851158142,
2024-11-19 15:43:01.944318,,,0.3827408254146576
2024-11-19 15:43:01.945362,0.54373699426651,,
2024-11-19 15:43:02.043499,0.5440652370452881,,
2024-11-19 15:43:02.044036,,0.6602648496627808,
2024-11-19 15:43:02.044036,,,0.38740628957748413
2024-11-19 15:43:02.140114,,,0.41803938150405884
2024-11-19 15:43:02.149289,,0.7462923526763916,
2024-11-19 15:43:02.149289,0.6197803020477295,,
2024-11-19 15:43:02.244342,,0.753085196018219,
2024-11-19 15:43:02.244342,0.642575204372406,,
2024-11-19 15:43:02.244342,,,0.4235058128833771
2024-11-19 15:43:02.344109,,,0.4235058128833771
2024-11-19 15:43:02.346222,0.642575204372406,,
2024-11-19 15:43:02.346222,,0.753085196018219,
2024-11-19 15:43:02.405235,,,0.4235058128833771
2024-11-19 15:43:02.406310,0.642575204372406,,
2024-11-19 15:43:02.406851,,0.753085196018219,
2024-11-19 15:43:02.576250,,0.753085196018219,
2024-11-19 15:43:02.576250,0.642575204372406,,
2024-11-19 15:43:02.577799,,,0.4235058128833771
2024-11-19 15:43:02.669548,,,0.4271264672279358
2024-11-19 15:43:02.670096,,0.7590261101722717,
2024-11-19 15:43:02.670096,0.6413155198097229,,
2024-11-19 15:43:02.742094,,0.7677404284477234,
2024-11-19 15:43:02.742094,0.6389567255973816,,
2024-11-19 15:43:02.742643,,,0.4283451437950134
2024-11-19 15:43:02.837970,,0.7918627858161926,
2024-11-19 15:43:02.839095,,,0.4452964961528778
2024-11-19 15:43:02.839649,0.6367231607437134,,
2024-11-19 15:43:02.938088,,,0.44658806920051575
2024-11-19 15:43:02.938088,,0.8002373576164246,
2024-11-19 15:43:02.938088,0.6340192556381226,,
2024-11-19 15:43:03.034854,,,0.4528414309024811
2024-11-19 15:43:03.035875,0.6329905390739441,,
2024-11-19 15:43:03.035875,,0.8041709065437317,
2024-11-19 15:43:03.174361,,0.8006728887557983,
2024-11-19 15:43:03.174901,,,0.4628734588623047
2024-11-19 15:43:03.174901,0.6304758787155151,,
2024-11-19 15:43:03.277408,0.6304758787155151,,
2024-11-19 15:43:03.277408,,0.8006728887557983,
2024-11-19 15:43:03.279055,,,0.4628734588623047
2024-11-19 15:43:03.368789,,0.8006728887557983,
2024-11-19 15:43:03.369333,0.6304758787155151,,
2024-11-19 15:43:03.371438,,,0.4628734588623047
2024-11-19 15:43:03.434257,0.6304758787155151,,
2024-11-19 15:43:03.434257,,0.8006728887557983,
2024-11-19 15:43:03.434769,,,0.4628734588623047
2024-11-19 15:43:03.536066,,,0.4628734588623047
2024-11-19 15:43:03.536621,0.6304758787155151,,
2024-11-19 15:43:03.536621,,0.8006728887557983,
2024-11-19 15:43:03.635278,,0.8006728887557983,
2024-11-19 15:43:03.635278,0.6304758787155151,,
2024-11-19 15:43:03.635790,,,0.4628734588623047
2024-11-19 15:43:03.770402,,,0.4628734588623047
2024-11-19 15:43:03.770973,,0.8006728887557983,
2024-11-19 15:43:03.770973,0.6304758787155151,,
2024-11-19 15:43:03.866178,0.6304758787155151,,
2024-11-19 15:43:03.866692,,0.8006728887557983,
2024-11-19 15:43:03.866692,,,0.4628734588623047
2024-11-19 15:43:03.959598,,0.8006728887557983,
2024-11-19 15:43:03.959598,0.6304758787155151,,
2024-11-19 15:43:03.960140,,,0.4628734588623047
2024-11-19 15:43:04.086921,0.6304758787155151,,
2024-11-19 15:43:04.087425,,0.8006728887557983,
2024-11-19 15:43:04.087750,,,0.4628734588623047
2024-11-19 15:43:04.155407,0.6304758787155151,,
2024-11-19 15:43:04.155407,,0.8006728887557983,
2024-11-19 15:43:04.155914,,,0.4628734588623047
2024-11-19 15:43:04.250387,0.6304758787155151,,
2024-11-19 15:43:04.250897,,,0.4628734588623047
2024-11-19 15:43:04.250897,,0.8006728887557983,
2024-11-19 15:43:04.382597,,0.8006728887557983,
2024-11-19 15:43:04.383130,0.6304758787155151,,
2024-11-19 15:43:04.383796,,,0.4628734588623047
2024-11-19 15:43:04.485435,0.7903167009353638,,
2024-11-19 15:43:04.485982,,,0.5917043685913086
2024-11-19 15:43:04.485982,,0.9144511222839355,
2024-11-19 15:43:04.589851,0.7331051230430603,,
2024-11-19 15:43:04.589851,,,0.45782342553138733
2024-11-19 15:43:04.589851,,0.7796392440795898,
2024-11-19 15:43:04.681127,,,0.4544486701488495
2024-11-19 15:43:04.681127,,0.7804015874862671,
2024-11-19 15:43:04.681127,0.7379007339477539,,
2024-11-19 15:43:04.748752,0.7461395859718323,,
2024-11-19 15:43:04.749810,,0.7952466607093811,
2024-11-19 15:43:04.750313,,,0.4439493417739868
2024-11-19 15:43:04.848299,0.7514910697937012,,
2024-11-19 15:43:04.848299,,0.8109710812568665,
2024-11-19 15:43:04.848299,,,0.43408581614494324
2024-11-19 15:43:05.014780,0.7581518888473511,,
2024-11-19 15:43:05.014780,,0.819130539894104,
2024-11-19 15:43:05.015323,,,0.42605534195899963
2024-11-19 15:43:05.084432,,,0.43189314007759094
2024-11-19 15:43:05.084432,,0.8294188976287842,
2024-11-19 15:43:05.084953,0.7711036205291748,,
2024-11-19 15:43:05.185526,,0.8331916928291321,
2024-11-19 15:43:05.185526,0.7871308922767639,,
2024-11-19 15:43:05.185526,,,0.4445256292819977
2024-11-19 15:43:05.282310,0.7871308922767639,,
2024-11-19 15:43:05.282825,,,0.4445256292819977
2024-11-19 15:43:05.282825,,0.8331916928291321,
2024-11-19 15:43:05.349532,0.7871308922767639,,
2024-11-19 15:43:05.350571,,0.8331916928291321,
2024-11-19 15:43:05.352092,,,0.4445256292819977
2024-11-19 15:43:05.449197,0.7871308922767639,,
2024-11-19 15:43:05.449197,,0.8331916928291321,
2024-11-19 15:43:05.449729,,,0.4445256292819977
2024-11-19 15:43:05.597188,,0.8331916928291321,
2024-11-19 15:43:05.598303,,,0.4445256292819977
2024-11-19 15:43:05.599327,0.7871308922767639,,
2024-11-19 15:43:05.680069,0.7871308922767639,,
2024-11-19 15:43:05.680069,,0.8331916928291321,
2024-11-19 15:43:05.680598,,,0.4445256292819977
2024-11-19 15:43:05.788736,0.7871308922767639,,
2024-11-19 15:43:05.788736,,0.8311338424682617,
2024-11-19 15:43:05.788736,,,0.44491395354270935
2024-11-19 15:43:05.895574,0.7806199789047241,,
2024-11-19 15:43:05.896115,,,0.4422271251678467
2024-11-19 15:43:05.896115,,0.8325178623199463,
2024-11-19 15:43:05.997015,,0.8374191522598267,
2024-11-19 15:43:05.997015,0.7607836723327637,,
2024-11-19 15:43:05.997547,,,0.43169960379600525
2024-11-19 15:43:06.062633,,0.8408360481262207,
2024-11-19 15:43:06.062633,0.7374182343482971,,
2024-11-19 15:43:06.063147,,,0.41701406240463257
2024-11-19 15:43:06.195458,0.7244071960449219,,
2024-11-19 15:43:06.195458,,0.8473511338233948,
2024-11-19 15:43:06.196567,,,0.40715739130973816
2024-11-19 15:43:06.325420,,,0.41474708914756775
2024-11-19 15:43:06.325977,0.7226391434669495,,
2024-11-19 15:43:06.325977,,0.8452584147453308,
2024-11-19 15:43:06.396810,,0.8397778868675232,
2024-11-19 15:43:06.396810,0.7253801226615906,,
2024-11-19 15:43:06.397324,,,0.4210083484649658
2024-11-19 15:43:06.496494,,0.8301852941513062,
2024-11-19 15:43:06.497047,,,0.41964855790138245
2024-11-19 15:43:06.497605,0.7262786030769348,,
2024-11-19 15:43:06.599373,0.7304720878601074,,
2024-11-19 15:43:06.599891,,,0.4075941741466522
2024-11-19 15:43:06.599891,,0.8174712657928467,
2024-11-19 15:43:06.692444,0.7081798315048218,,
2024-11-19 15:43:06.692951,,,0.3905493915081024
2024-11-19 15:43:06.692951,,0.8042624592781067,
2024-11-19 15:43:06.825104,,,0.3977789580821991
2024-11-19 15:43:06.825104,0.7283441424369812,,
2024-11-19 15:43:06.825104,,0.8086370229721069,
2024-11-19 15:43:06.913860,,0.813802182674408,
2024-11-19 15:43:06.913860,0.7337461113929749,,
2024-11-19 15:43:06.914375,,,0.4046543836593628
2024-11-19 15:43:06.991772,0.7342289090156555,,
2024-11-19 15:43:06.991772,,0.8180354833602905,
2024-11-19 15:43:06.992291,,,0.4061097204685211
2024-11-19 15:43:07.124189,0.7359638214111328,,
2024-11-19 15:43:07.124741,,,0.40289556980133057
2024-11-19 15:43:07.124741,,0.8205093145370483,
2024-11-19 15:43:07.195664,,0.8219032287597656,
2024-11-19 15:43:07.195664,0.7485284805297852,,
2024-11-19 15:43:07.196199,,,0.3994625210762024
2024-11-19 15:43:07.322331,0.7636222839355469,,
2024-11-19 15:43:07.323952,,,0.3991016149520874
2024-11-19 15:43:07.324531,,0.8231220245361328,
2024-11-19 15:43:07.423191,0.7678981423377991,,
2024-11-19 15:43:07.423705,,0.8242858052253723,
2024-11-19 15:43:07.424225,,,0.40018191933631897
2024-11-19 15:43:07.529513,,0.8248573541641235,
2024-11-19 15:43:07.529513,0.7678981423377991,,
2024-11-19 15:43:07.530066,,,0.39981958270072937
2024-11-19 15:43:07.627374,,0.8255656361579895,
2024-11-19 15:43:07.627887,,,0.39648112654685974
2024-11-19 15:43:07.627887,0.7678981423377991,,
2024-11-19 15:43:07.719149,0.7678981423377991,,
2024-11-19 15:43:07.720260,,,0.3899858295917511
2024-11-19 15:43:07.720260,,0.8251982927322388,
2024-11-19 15:43:07.823473,0.8178289532661438,,
2024-11-19 15:43:07.823473,,0.7406056523323059,
2024-11-19 15:43:07.824586,,,0.43669015169143677
2024-11-19 15:43:07.925362,0.8205204606056213,,
2024-11-19 15:43:07.925905,,0.7474018335342407,
2024-11-19 15:43:07.925905,,,0.4166194796562195
2024-11-19 15:43:08.057553,0.8279687762260437,,
2024-11-19 15:43:08.057899,,0.7512668967247009,
2024-11-19 15:43:08.058416,,,0.40263983607292175
2024-11-19 15:43:08.124498,,0.4006170332431793,
2024-11-19 15:43:08.125052,0.588348925113678,,
2024-11-19 15:43:08.125584,,,0.38769131898880005
2024-11-19 15:43:08.223811,,0.38375306129455566,
2024-11-19 15:43:08.223811,0.6355836987495422,,
2024-11-19 15:43:08.224319,,,0.3740447461605072
2024-11-19 15:43:08.356524,,,0.36826878786087036
2024-11-19 15:43:08.357067,,0.3770686089992523,
2024-11-19 15:43:08.357067,0.6351411938667297,,
2024-11-19 15:43:08.428274,0.6446349620819092,,
2024-11-19 15:43:08.428274,,,0.3855583369731903
2024-11-19 15:43:08.428274,,0.36863407492637634,
2024-11-19 15:43:08.520511,,,0.38152796030044556
2024-11-19 15:43:08.520511,,0.36644884943962097,
2024-11-19 15:43:08.529929,0.6438720226287842,,
2024-11-19 15:43:08.652571,,,0.381940633058548
2024-11-19 15:43:08.653129,,0.364621639251709,
2024-11-19 15:43:08.653129,0.6431509256362915,,
2024-11-19 15:43:08.761505,0.6419169306755066,,
2024-11-19 15:43:08.762013,,0.3631030023097992,
2024-11-19 15:43:08.762013,,,0.3833070397377014
2024-11-19 15:43:08.822385,,0.3612133860588074,
2024-11-19 15:43:08.822385,0.6378942131996155,,
2024-11-19 15:43:08.822920,,,0.3809201419353485
2024-11-19 15:43:08.916449,,0.35870108008384705,
2024-11-19 15:43:08.916449,0.6256217360496521,,
2024-11-19 15:43:08.918015,,,0.3753034174442291
2024-11-19 15:43:09.017242,,0.3572133183479309,
2024-11-19 15:43:09.017765,,,0.3556266129016876
2024-11-19 15:43:09.031687,0.5797072649002075,,
2024-11-19 15:43:09.117669,,0.3564736545085907,
2024-11-19 15:43:09.117669,,,0.34794411063194275
2024-11-19 15:43:09.117669,0.5328436493873596,,
2024-11-19 15:43:09.255218,,,0.3550485074520111
2024-11-19 15:43:09.255218,,0.354553759098053,
2024-11-19 15:43:09.255218,0.505956768989563,,
2024-11-19 15:43:09.355274,0.48698288202285767,,
2024-11-19 15:43:09.355817,,0.3401935398578644,
2024-11-19 15:43:09.356359,,,0.37762027978897095
2024-11-19 15:43:09.449807,,,0.39745599031448364
2024-11-19 15:43:09.449807,0.48200109601020813,,
2024-11-19 15:43:09.450330,,0.3300566077232361,
2024-11-19 15:43:09.550239,,,0.4226039946079254
2024-11-19 15:43:09.555453,0.4778393507003784,,
2024-11-19 15:43:09.555453,,0.3164094090461731,
2024-11-19 15:43:09.648168,0.4778393507003784,,
2024-11-19 15:43:09.648685,,0.3164094090461731,
2024-11-19 15:43:09.648685,,,0.4226039946079254
2024-11-19 15:43:09.727296,,0.3164094090461731,
2024-11-19 15:43:09.727296,0.4778393507003784,,
2024-11-19 15:43:09.727807,,,0.4226039946079254
2024-11-19 15:43:09.878330,0.4778393507003784,,
2024-11-19 15:43:09.878840,,,0.4226039946079254
2024-11-19 15:43:09.878840,,0.3164094090461731,
2024-11-19 15:43:09.991296,,,0.4226039946079254
2024-11-19 15:43:09.992300,,0.3164094090461731,
2024-11-19 15:43:09.992300,0.4778393507003784,,
2024-11-19 15:43:10.052927,0.4802433252334595,,
2024-11-19 15:43:10.052927,,,0.37000834941864014
2024-11-19 15:43:10.052927,,0.33040884137153625,
2024-11-19 15:43:10.150891,,,0.37976890802383423
2024-11-19 15:43:10.150891,0.4841410517692566,,
2024-11-19 15:43:10.151198,,0.3324781060218811,
2024-11-19 15:43:10.242896,0.4851365089416504,,
2024-11-19 15:43:10.242896,,,0.38196471333503723
2024-11-19 15:43:10.242896,,0.3325110077857971,
2024-11-19 15:43:10.331232,,,0.5268078446388245
2024-11-19 15:43:10.332248,,0.33525562286376953,
2024-11-19 15:43:10.332248,0.47430118918418884,,
2024-11-19 15:43:10.467921,,0.33840903639793396,
2024-11-19 15:43:10.467921,0.4801456034183502,,
2024-11-19 15:43:10.468437,,,0.5305183529853821
2024-11-19 15:43:10.569791,,,0.5397875905036926
2024-11-19 15:43:10.570320,,0.34465688467025757,
2024-11-19 15:43:10.570320,0.49012136459350586,,
2024-11-19 15:43:10.666751,0.4975745975971222,,
2024-11-19 15:43:10.666751,,0.351904958486557,
2024-11-19 15:43:10.668927,,,0.5501894354820251
2024-11-19 15:43:10.761445,,0.3572418987751007,
2024-11-19 15:43:10.761445,0.49916142225265503,,
2024-11-19 15:43:10.761978,,,0.5574195981025696
2024-11-19 15:43:10.857661,0.5098190903663635,,
2024-11-19 15:43:10.858167,,0.365742951631546,
2024-11-19 15:43:10.859198,,,0.540966272354126
2024-11-19 15:43:10.963608,,0.370656818151474,
2024-11-19 15:43:10.963608,0.5098190903663635,,
2024-11-19 15:43:10.964125,,,0.5268046855926514
2024-11-19 15:43:11.096371,,0.37586215138435364,
2024-11-19 15:43:11.096905,,,0.5143454670906067
2024-11-19 15:43:11.096905,0.5098190903663635,,
2024-11-19 15:43:11.191285,0.5098190903663635,,
2024-11-19 15:43:11.191808,,0.38041985034942627,
2024-11-19 15:43:11.191808,,,0.5019542574882507
2024-11-19 15:43:11.290554,0.5098190903663635,,
2024-11-19 15:43:11.291608,,0.3852893114089966,
2024-11-19 15:43:11.292125,,,0.4924858510494232
2024-11-19 15:43:11.363958,0.5972981452941895,,
2024-11-19 15:43:11.364490,,0.5089738965034485,
2024-11-19 15:43:11.365041,,,0.5532481670379639
2024-11-19 15:43:11.468002,,,0.5250447392463684
2024-11-19 15:43:11.468002,0.5985772013664246,,
2024-11-19 15:43:11.468002,,0.49332675337791443,
2024-11-19 15:43:11.561920,,,0.48581334948539734
2024-11-19 15:43:11.561920,0.5855239629745483,,
2024-11-19 15:43:11.562942,,0.4802324175834656,
2024-11-19 15:43:11.692621,,,0.43281155824661255
2024-11-19 15:43:11.694222,0.5766902565956116,,
2024-11-19 15:43:11.694222,,0.4717978537082672,
2024-11-19 15:43:11.793684,0.5640239119529724,,
2024-11-19 15:43:11.794706,,0.4733376204967499,
2024-11-19 15:43:11.795224,,,0.3881703019142151
2024-11-19 15:43:11.898661,0.48586729168891907,,
2024-11-19 15:43:11.898661,,0.4727787375450134,
2024-11-19 15:43:11.899209,,,0.33270639181137085
2024-11-19 15:43:11.991907,,,0.3278532326221466
2024-11-19 15:43:11.991907,,0.468999981880188,
2024-11-19 15:43:11.991907,0.4859636127948761,,
2024-11-19 15:43:12.063091,0.4870329797267914,,
2024-11-19 15:43:12.063091,,0.4632556140422821,
2024-11-19 15:43:12.063598,,,0.31951120495796204
2024-11-19 15:43:12.190636,0.4919814467430115,,
2024-11-19 15:43:12.190636,,0.45722609758377075,
2024-11-19 15:43:12.192178,,,0.3097144067287445
2024-11-19 15:43:12.292426,0.44963598251342773,,
2024-11-19 15:43:12.293984,,,0.2720712125301361
2024-11-19 15:43:12.293984,,0.4350450932979584,
2024-11-19 15:43:12.392189,0.4021506905555725,,
2024-11-19 15:43:12.392722,,0.4167270362377167,
2024-11-19 15:43:12.393812,,,0.23773032426834106
2024-11-19 15:43:12.489386,,0.4021416902542114,
2024-11-19 15:43:12.489904,,,0.20498782396316528
2024-11-19 15:43:12.490427,0.358849436044693,,
2024-11-19 15:43:12.590231,,0.39585256576538086,
2024-11-19 15:43:12.590765,0.35788407921791077,,
2024-11-19 15:43:12.590765,,,0.19682317972183228
2024-11-19 15:43:12.692402,,0.38191086053848267,
2024-11-19 15:43:12.692402,0.3490113615989685,,
2024-11-19 15:43:12.692402,,,0.1848900318145752
2024-11-19 15:43:12.760573,,,0.1755976527929306
2024-11-19 15:43:12.761108,,0.36443111300468445,
2024-11-19 15:43:12.761108,0.3281778395175934,,
2024-11-19 15:43:12.923175,,0.3621715307235718,
2024-11-19 15:43:12.923175,,,0.17990916967391968
2024-11-19 15:43:12.923175,0.3281778395175934,,
2024-11-19 15:43:13.019974,0.3281778395175934,,
2024-11-19 15:43:13.020478,,0.35909923911094666,
2024-11-19 15:43:13.020478,,,0.18496179580688477
2024-11-19 15:43:13.123716,0.32800063490867615,,
2024-11-19 15:43:13.123716,,0.3578367829322815,
2024-11-19 15:43:13.124236,,,0.1901344209909439
2024-11-19 15:43:13.193937,,0.35719209909439087,
2024-11-19 15:43:13.193937,0.3266404867172241,,
2024-11-19 15:43:13.196005,,,0.19474028050899506
2024-11-19 15:43:13.291312,,0.3579755127429962,
2024-11-19 15:43:13.291871,,,0.19936197996139526
2024-11-19 15:43:13.292437,0.3257986307144165,,
2024-11-19 15:43:13.388260,0.3257986307144165,,
2024-11-19 15:43:13.388260,,0.3612603545188904,
2024-11-19 15:43:13.388260,,,0.20513993501663208
2024-11-19 15:43:13.524285,0.3257986307144165,,
2024-11-19 15:43:13.524285,,0.3667672276496887,
2024-11-19 15:43:13.524808,,,0.21211528778076172
2024-11-19 15:43:13.621712,,,0.2192511111497879
2024-11-19 15:43:13.636500,0.3255655765533447,,
2024-11-19 15:43:13.636500,,0.3728259205818176,
2024-11-19 15:43:13.720309,,0.37725579738616943,
2024-11-19 15:43:13.720309,0.32548853754997253,,
2024-11-19 15:43:13.720832,,,0.22543542087078094
2024-11-19 15:43:13.784197,,,0.22849857807159424
2024-11-19 15:43:13.784264,0.32532259821891785,,
2024-11-19 15:43:13.784264,,0.3785330355167389,
2024-11-19 15:43:13.919126,,,0.22598303854465485
2024-11-19 15:43:13.919126,,0.3765324354171753,
2024-11-19 15:43:13.919126,0.31865420937538147,,
2024-11-19 15:43:13.989610,0.30907559394836426,,
2024-11-19 15:43:13.989610,,0.37192532420158386,
2024-11-19 15:43:13.990152,,,0.21604332327842712
2024-11-19 15:43:14.128118,,0.36543864011764526,
2024-11-19 15:43:14.128118,0.300545334815979,,
2024-11-19 15:43:14.129220,,,0.19960592687129974
2024-11-19 15:43:14.256754,0.300545334815979,,
2024-11-19 15:43:14.257296,,,0.19960592687129974
2024-11-19 15:43:14.257296,,0.36543864011764526,
2024-11-19 15:43:14.320239,,0.36543864011764526,
2024-11-19 15:43:14.320797,0.300545334815979,,
2024-11-19 15:43:14.320978,,,0.19960592687129974
2024-11-19 15:43:14.421794,,,0.19960592687129974
2024-11-19 15:43:14.423952,0.300545334815979,,
2024-11-19 15:43:14.424980,,0.36543864011764526,
2024-11-19 15:43:14.522753,,0.36543864011764526,
2024-11-19 15:43:14.522753,0.300545334815979,,
2024-11-19 15:43:14.523297,,,0.19960592687129974
2024-11-19 15:43:14.617001,,,0.19960592687129974
2024-11-19 15:43:14.617524,,0.36543864011764526,
2024-11-19 15:43:14.617524,0.300545334815979,,
2024-11-19 15:43:14.749471,0.300545334815979,,
2024-11-19 15:43:14.750037,,0.36543864011764526,
2024-11-19 15:43:14.751192,,,0.19960592687129974
2024-11-19 15:45:41.011232,0.5495666265487671,,
2024-11-19 15:45:41.012242,,0.5113231539726257,
2024-11-19 15:45:41.013847,,,0.48993751406669617
2024-11-19 15:45:41.080150,0.5048799514770508,,
2024-11-19 15:45:41.081191,,0.4775411784648895,
2024-11-19 15:45:41.082772,,,0.4428116977214813
2024-11-19 15:45:41.181339,0.5048799514770508,,
2024-11-19 15:45:41.181862,,0.47400179505348206,
2024-11-19 15:45:41.184502,,,0.43752753734588623
2024-11-19 15:45:41.274374,,,0.43230268359184265
2024-11-19 15:45:41.276450,0.5048799514770508,,
2024-11-19 15:45:41.276959,,0.4719882905483246,
2024-11-19 15:45:41.378713,,0.4719882905483246,
2024-11-19 15:45:41.378713,,,0.43230268359184265
2024-11-19 15:45:41.379236,0.5048799514770508,,
2024-11-19 15:45:41.459179,0.5048799514770508,,
2024-11-19 15:45:41.460395,,,0.43230268359184265
2024-11-19 15:45:41.460395,,0.4719882905483246,
2024-11-19 15:45:41.594576,0.5048799514770508,,
2024-11-19 15:45:41.595308,,0.4719882905483246,
2024-11-19 15:45:41.595920,,,0.43230268359184265
2024-11-19 15:45:41.699592,0.46494096517562866,,
2024-11-19 15:45:41.699592,,0.4487784206867218,
2024-11-19 15:45:41.699592,,,0.4117676913738251
2024-11-19 15:45:41.798735,,0.42635437846183777,
2024-11-19 15:45:41.798735,0.420074462890625,,
2024-11-19 15:45:41.799250,,,0.39108821749687195
2024-11-19 15:45:41.898618,,0.409746378660202,
2024-11-19 15:45:41.898618,0.3912617266178131,,
2024-11-19 15:45:41.898618,,,0.37833142280578613
2024-11-19 15:45:41.991534,,0.4021926522254944,
2024-11-19 15:45:41.991534,,,0.37727463245391846
2024-11-19 15:45:41.992500,0.4106222093105316,,
2024-11-19 15:45:42.056842,,0.40516096353530884,
2024-11-19 15:45:42.056842,0.42930978536605835,,
2024-11-19 15:45:42.056842,,,0.39292237162590027
2024-11-19 15:45:42.209171,,0.4156458079814911,
2024-11-19 15:45:42.210216,0.4386318027973175,,
2024-11-19 15:45:42.210734,,,0.4206010401248932
2024-11-19 15:45:42.315718,,0.4274909198284149,
2024-11-19 15:45:42.315718,0.44913795590400696,,
2024-11-19 15:45:42.316256,,,0.4469964802265167
2024-11-19 15:45:42.408727,,0.4360334277153015,
2024-11-19 15:45:42.408727,0.4508588910102844,,
2024-11-19 15:45:42.409854,,,0.4636993110179901
2024-11-19 15:45:42.473262,0.4508588910102844,,
2024-11-19 15:45:42.473776,,0.4385415315628052,
2024-11-19 15:45:42.473776,,,0.47023606300354004
2024-11-19 15:45:42.588883,,0.44039133191108704,
2024-11-19 15:45:42.588883,0.44966447353363037,,
2024-11-19 15:45:42.589905,,,0.47723400592803955
2024-11-19 15:45:42.694573,0.4493139088153839,,
2024-11-19 15:45:42.694573,,0.4415893256664276,
2024-11-19 15:45:42.695086,,,0.4857439696788788
2024-11-19 15:45:42.833425,,0.44080033898353577,
2024-11-19 15:45:42.833425,0.4493139088153839,,
2024-11-19 15:45:42.833950,,,0.49637681245803833
2024-11-19 15:45:42.923493,0.4493139088153839,,
2024-11-19 15:45:42.923493,,0.44080033898353577,
2024-11-19 15:45:42.924491,,,0.49637681245803833
2024-11-19 15:45:43.020786,0.4493139088153839,,
2024-11-19 15:45:43.020786,,0.44080033898353577,
2024-11-19 15:45:43.020786,,,0.49637681245803833
2024-11-19 15:45:43.092101,0.4493139088153839,,
2024-11-19 15:45:43.092101,,0.44080033898353577,
2024-11-19 15:45:43.093506,,,0.49637681245803833
2024-11-19 15:45:43.191682,0.4493139088153839,,
2024-11-19 15:45:43.191682,,0.44080033898353577,
2024-11-19 15:45:43.192707,,,0.49637681245803833
2024-11-19 15:45:43.320750,0.4459744393825531,,
2024-11-19 15:45:43.321308,,0.4489060938358307,
2024-11-19 15:45:43.321308,,,0.5071897506713867
2024-11-19 15:45:43.417173,,,0.5191932320594788
2024-11-19 15:45:43.418335,,0.4590425193309784,
2024-11-19 15:45:43.418335,0.44490301609039307,,
2024-11-19 15:45:43.522723,0.44393518567085266,,
2024-11-19 15:45:43.524227,,0.46940353512763977,
2024-11-19 15:45:43.524775,,,0.5319013595581055
2024-11-19 15:45:43.636239,0.44393518567085266,,
2024-11-19 15:45:43.637878,,0.46940353512763977,
2024-11-19 15:45:43.639446,,,0.5319013595581055
2024-11-19 15:45:43.720539,,,0.5319013595581055
2024-11-19 15:45:43.721077,0.44393518567085266,,
2024-11-19 15:45:43.721077,,0.46940353512763977,
2024-11-19 15:45:43.787078,0.44393518567085266,,
2024-11-19 15:45:43.787628,,0.46940353512763977,
2024-11-19 15:45:43.787628,,,0.5319013595581055
2024-11-19 15:45:43.916352,0.44393518567085266,,
2024-11-19 15:45:43.916352,,0.46940353512763977,
2024-11-19 15:45:43.917475,,,0.5319013595581055
2024-11-19 15:45:44.051098,0.44393518567085266,,
2024-11-19 15:45:44.051615,,0.46940353512763977,
2024-11-19 15:45:44.051615,,,0.5319013595581055
2024-11-19 15:45:44.119018,0.44393518567085266,,
2024-11-19 15:45:44.119018,,,0.5319013595581055
2024-11-19 15:45:44.119018,,0.46940353512763977,
2024-11-19 15:45:44.222742,,0.46940353512763977,
2024-11-19 15:45:44.222742,,,0.5319013595581055
2024-11-19 15:45:44.223277,0.44393518567085266,,
2024-11-19 15:45:44.318837,,,0.5319013595581055
2024-11-19 15:45:44.322664,,0.46940353512763977,
2024-11-19 15:45:44.322664,0.44393518567085266,,
2024-11-19 15:45:44.422147,0.44393518567085266,,
2024-11-19 15:45:44.423702,,,0.5319013595581055
2024-11-19 15:45:44.423702,,0.46940353512763977,
2024-11-19 15:45:44.516258,,0.46940353512763977,
2024-11-19 15:45:44.517366,0.44393518567085266,,
2024-11-19 15:45:44.517366,,,0.5319013595581055
2024-11-19 15:45:44.649429,,,0.5319013595581055
2024-11-19 15:45:44.649429,0.44393518567085266,,
2024-11-19 15:45:44.651068,,0.46940353512763977,
2024-11-19 15:45:44.749010,0.44393518567085266,,
2024-11-19 15:45:44.749551,,0.46940353512763977,
2024-11-19 15:45:44.750313,,,0.5319013595581055
2024-11-19 15:45:44.851741,0.4669266939163208,,
2024-11-19 15:45:44.852290,,0.5140548944473267,
2024-11-19 15:45:44.852835,,,0.47322890162467957
2024-11-19 15:45:44.949310,,,0.5289685130119324
2024-11-19 15:45:44.950420,0.5201247334480286,,
2024-11-19 15:45:44.951439,,0.5197951197624207,
2024-11-19 15:45:45.015506,,0.5216368436813354,
2024-11-19 15:45:45.015506,0.5215395092964172,,
2024-11-19 15:45:45.015506,,,0.5172618627548218
2024-11-19 15:45:45.114943,,0.5259743332862854,
2024-11-19 15:45:45.114943,0.5226820707321167,,
2024-11-19 15:45:45.114943,,,0.5090287923812866
2024-11-19 15:45:45.249166,,,0.4417121708393097
2024-11-19 15:45:45.250273,0.44665125012397766,,
2024-11-19 15:45:45.250892,,0.4805079698562622,
2024-11-19 15:45:45.352402,0.5150423049926758,,
2024-11-19 15:45:45.353462,,0.4867285192012787,
2024-11-19 15:45:45.354014,,,0.4708174765110016
2024-11-19 15:45:45.450758,,,0.49390271306037903
2024-11-19 15:45:45.450758,0.5705823302268982,,
2024-11-19 15:45:45.451321,,0.4953882098197937,
2024-11-19 15:45:45.547997,,0.5028328895568848,
2024-11-19 15:45:45.548560,0.606043815612793,,
2024-11-19 15:45:45.548560,,,0.5045320987701416
2024-11-19 15:45:45.653316,0.622742772102356,,
2024-11-19 15:45:45.653860,,0.505666196346283,
2024-11-19 15:45:45.653860,,,0.5042344927787781
2024-11-19 15:45:45.716083,0.624303936958313,,
2024-11-19 15:45:45.716594,,,0.49950331449508667
2024-11-19 15:45:45.717104,,0.5023740530014038,
2024-11-19 15:45:45.887155,,0.49412235617637634,
2024-11-19 15:45:45.887155,,,0.4944203794002533
2024-11-19 15:45:45.887155,0.624303936958313,,
2024-11-19 15:45:45.980223,0.624303936958313,,
2024-11-19 15:45:45.980753,,,0.4874238073825836
2024-11-19 15:45:45.980753,,0.484358012676239,
2024-11-19 15:45:46.054591,,0.47782373428344727,
2024-11-19 15:45:46.054591,0.624303936958313,,
2024-11-19 15:45:46.055108,,,0.4767760932445526
2024-11-19 15:45:46.149497,,0.47506216168403625,
2024-11-19 15:45:46.151165,,,0.4626234471797943
2024-11-19 15:45:46.154701,0.6230891942977905,,
2024-11-19 15:45:46.241799,0.6116467118263245,,
2024-11-19 15:45:46.241799,,,0.45186474919319153
2024-11-19 15:45:46.241799,,0.47330838441848755,
2024-11-19 15:45:46.345330,,0.47056618332862854,
2024-11-19 15:45:46.346034,,,0.4488883912563324
2024-11-19 15:45:46.346034,0.5976911187171936,,
2024-11-19 15:45:46.475059,0.5950788259506226,,
2024-11-19 15:45:46.475608,,0.46759581565856934,
2024-11-19 15:45:46.476163,,,0.45852720737457275
2024-11-19 15:45:46.591508,0.5899162292480469,,
2024-11-19 15:45:46.592103,,0.46364641189575195,
2024-11-19 15:45:46.592103,,,0.46792203187942505
2024-11-19 15:45:46.678277,0.5838257074356079,,
2024-11-19 15:45:46.679303,,,0.46520572900772095
2024-11-19 15:45:46.679362,,0.4558431804180145,
2024-11-19 15:45:46.745267,,,0.4516941010951996
2024-11-19 15:45:46.745786,0.5790947079658508,,
2024-11-19 15:45:46.746314,,0.44783565402030945,
2024-11-19 15:45:46.845420,0.5805192589759827,,
2024-11-19 15:45:46.845420,,0.4453577697277069,
2024-11-19 15:45:46.845855,,,0.460586816072464
2024-11-19 15:45:46.943460,,,0.44924333691596985
2024-11-19 15:45:46.944071,0.5618705749511719,,
2024-11-19 15:45:46.944071,,0.4372686743736267,
2024-11-19 15:45:47.081044,0.5197178721427917,,
2024-11-19 15:45:47.081580,,0.4235910475254059,
2024-11-19 15:45:47.081580,,,0.41580188274383545
2024-11-19 15:45:47.179503,,0.4102441668510437,
2024-11-19 15:45:47.180036,0.4515136480331421,,
2024-11-19 15:45:47.180036,,,0.39895936846733093
2024-11-19 15:45:47.281239,0.37231725454330444,,
2024-11-19 15:45:47.281757,,0.40233343839645386,
2024-11-19 15:45:47.281757,,,0.39823800325393677
2024-11-19 15:45:47.377603,0.3045355975627899,,
2024-11-19 15:45:47.378152,,,0.40176841616630554
2024-11-19 15:45:47.378708,,0.40360456705093384,
2024-11-19 15:45:47.449932,,0.41277027130126953,
2024-11-19 15:45:47.449932,0.26400303840637207,,
2024-11-19 15:45:47.449932,,,0.4058075547218323
2024-11-19 15:45:47.575914,0.2600196897983551,,
2024-11-19 15:45:47.577202,,0.4150494933128357,
2024-11-19 15:45:47.577202,,,0.4225917160511017
2024-11-19 15:45:47.707053,0.2527884244918823,,
2024-11-19 15:45:47.710272,,0.41896170377731323,
2024-11-19 15:45:47.710793,,,0.43937474489212036
2024-11-19 15:45:47.793102,0.2465631663799286,,
2024-11-19 15:45:47.793102,,,0.45642977952957153
2024-11-19 15:45:47.793631,,0.42281726002693176,
2024-11-19 15:45:47.893686,0.24176804721355438,,
2024-11-19 15:45:47.895585,,0.42541345953941345,
2024-11-19 15:45:47.895585,,,0.4745684266090393
